fi.gaps.diff.mean,se.gaps.diff.mean
-0.0124429808379533,-0.0135460852853186
